fraction,sample,buffer,mixing,wash,width,height,chip_area
3/1024,1,19,9,3,2,10,20
5/1024,1,19,9,3,2,10,20
7/1024,2,34,15,6,2,18,36
9/1024,2,30,15,5,2,16,32
11/1024,1,15,9,2,2,8,16
13/1024,2,26,14,4,2,14,28
15/1024,2,26,14,4,2,14,28
17/1024,2,26,14,4,2,14,28
19/1024,2,26,14,4,2,14,28
21/1024,1,15,9,2,2,8,16
23/1024,2,30,15,5,2,16,32
25/1024,3,41,19,7,2,22,44
27/1024,2,26,13,4,2,14,28
29/1024,2,26,13,4,2,14,28
31/1024,3,37,17,6,2,20,40
33/1024,3,33,17,5,2,18,36
35/1024,2,22,13,3,2,12,24
37/1024,2,22,13,3,2,12,24
39/1024,3,33,19,5,2,18,36
41/1024,2,22,15,3,2,12,24
43/1024,1,11,9,1,2,6,12
45/1024,2,22,14,3,2,12,24
47/1024,2,22,14,3,2,12,24
49/1024,3,29,17,4,2,16,32
51/1024,3,29,17,4,2,16,32
53/1024,2,18,12,2,2,10,20
55/1024,3,29,18,4,2,16,32
57/1024,3,29,18,4,2,16,32
59/1024,2,18,12,2,2,10,20
61/1024,3,25,15,3,2,14,28
63/1024,3,25,15,3,2,14,28
65/1024,3,25,15,3,2,14,28
67/1024,3,25,15,3,2,14,28
69/1024,2,18,12,2,2,10,20
71/1024,3,29,18,4,2,16,32
73/1024,3,29,18,4,2,16,32
75/1024,2,18,12,2,2,10,20
77/1024,3,29,17,4,2,16,32
79/1024,3,29,17,4,2,16,32
81/1024,2,22,14,3,2,12,24
83/1024,2,22,14,3,2,12,24
85/1024,1,11,9,1,2,6,12
87/1024,2,22,15,3,2,12,24
89/1024,3,33,19,5,2,18,36
91/1024,2,22,13,3,2,12,24
93/1024,2,22,13,3,2,12,24
95/1024,3,33,17,5,2,18,36
97/1024,4,40,19,6,2,22,44
99/1024,3,29,15,4,2,16,32
101/1024,3,29,15,4,2,16,32
103/1024,5,47,23,7,2,26,52
105/1024,4,36,19,5,2,20,40
107/1024,2,18,11,2,2,10,20
109/1024,3,29,16,4,2,16,32
111/1024,3,29,16,4,2,16,32
113/1024,3,29,16,4,2,16,32
115/1024,3,29,16,4,2,16,32
117/1024,2,18,11,2,2,10,20
119/1024,4,36,19,5,2,20,40
121/1024,5,43,21,6,2,24,48
123/1024,3,25,13,3,2,14,28
125/1024,3,25,13,3,2,14,28
127/1024,4,32,15,4,2,18,36
129/1024,4,28,15,3,2,16,32
131/1024,3,21,13,2,2,12,24
133/1024,3,21,13,2,2,12,24
135/1024,5,35,21,4,2,20,40
137/1024,4,28,19,3,2,16,32
139/1024,2,14,11,1,2,8,16
141/1024,3,21,16,2,2,12,24
143/1024,3,21,16,2,2,12,24
145/1024,3,21,16,2,2,12,24
147/1024,3,21,16,2,2,12,24
149/1024,2,14,11,1,2,8,16
151/1024,4,28,19,3,2,16,32
153/1024,5,35,23,4,2,20,40
155/1024,3,21,15,2,2,12,24
157/1024,3,21,15,2,2,12,24
159/1024,4,28,19,3,2,16,32
161/1024,3,21,17,2,2,12,24
163/1024,2,14,13,1,2,8,16
165/1024,2,14,13,1,2,8,16
167/1024,3,21,19,2,2,12,24
169/1024,2,14,15,1,2,8,16
171/1024,1,7,9,0,2,4,8
173/1024,2,14,14,1,2,8,16
175/1024,2,14,14,1,2,8,16
177/1024,3,21,17,2,2,12,24
179/1024,3,21,17,2,2,12,24
181/1024,2,14,12,1,2,8,16
183/1024,3,21,18,2,2,12,24
185/1024,3,21,18,2,2,12,24
187/1024,2,14,12,1,2,8,16
189/1024,3,21,15,2,2,12,24
191/1024,3,21,15,2,2,12,24
193/1024,4,24,16,3,2,14,28
195/1024,4,24,16,3,2,14,28
197/1024,3,17,13,2,2,10,20
199/1024,5,27,20,4,2,16,32
201/1024,5,27,20,4,2,16,32
203/1024,3,17,13,2,2,10,20
205/1024,5,27,19,4,2,16,32
207/1024,5,27,19,4,2,16,32
209/1024,4,20,16,3,2,12,24
211/1024,4,20,16,3,2,12,24
213/1024,2,10,10,1,2,6,12
215/1024,4,20,17,3,2,12,24
217/1024,5,27,21,4,2,16,32
219/1024,3,17,14,2,2,10,20
221/1024,3,17,14,2,2,10,20
223/1024,4,24,18,3,2,14,28
225/1024,4,24,18,3,2,14,28
227/1024,3,17,14,2,2,10,20
229/1024,3,17,14,2,2,10,20
231/1024,5,27,21,4,2,16,32
233/1024,4,20,17,3,2,12,24
235/1024,2,10,10,1,2,6,12
237/1024,4,20,16,3,2,12,24
239/1024,4,20,16,3,2,12,24
241/1024,5,23,17,4,2,14,28
243/1024,5,23,17,4,2,14,28
245/1024,3,13,11,2,2,8,16
247/1024,5,23,18,4,2,14,28
249/1024,5,23,18,4,2,14,28
251/1024,3,13,11,2,2,8,16
253/1024,4,16,12,3,2,10,20
255/1024,4,16,12,3,2,10,20
257/1024,7,17,14,4,2,12,24
259/1024,6,14,13,3,2,10,20
261/1024,6,14,13,3,2,10,20
263/1024,11,25,22,6,2,18,36
265/1024,10,22,21,5,2,16,32
267/1024,5,11,12,2,2,8,16
269/1024,9,19,19,4,2,14,28
271/1024,9,19,19,4,2,14,28
273/1024,9,19,19,4,2,14,28
275/1024,9,19,19,4,2,14,28
277/1024,5,11,12,2,2,8,16
279/1024,10,22,21,5,2,16,32
281/1024,14,30,27,7,2,22,44
283/1024,9,19,18,4,2,14,28
285/1024,9,19,18,4,2,14,28
287/1024,13,27,24,6,2,20,40
289/1024,12,24,23,5,2,18,36
291/1024,8,16,17,3,2,12,24
293/1024,8,16,17,3,2,12,24
295/1024,12,24,25,5,2,18,36
297/1024,8,16,19,3,2,12,24
299/1024,4,8,11,1,2,6,12
301/1024,8,16,18,3,2,12,24
303/1024,8,16,18,3,2,12,24
305/1024,11,21,22,4,2,16,32
307/1024,11,21,22,4,2,16,32
309/1024,7,13,15,2,2,10,20
311/1024,11,21,23,4,2,16,32
313/1024,11,21,23,4,2,16,32
315/1024,7,13,15,2,2,10,20
317/1024,10,18,19,3,2,14,28
319/1024,10,18,19,3,2,14,28
321/1024,10,18,19,3,2,14,28
323/1024,10,18,19,3,2,14,28
325/1024,7,13,15,2,2,10,20
327/1024,11,21,23,4,2,16,32
329/1024,11,21,23,4,2,16,32
331/1024,7,13,15,2,2,10,20
333/1024,11,21,22,4,2,16,32
335/1024,11,21,22,4,2,16,32
337/1024,8,16,18,3,2,12,24
339/1024,8,16,18,3,2,12,24
341/1024,4,8,11,1,2,6,12
343/1024,8,16,19,3,2,12,24
345/1024,12,24,25,5,2,18,36
347/1024,8,16,17,3,2,12,24
349/1024,8,16,17,3,2,12,24
351/1024,12,24,23,5,2,18,36
353/1024,15,29,26,6,2,22,44
355/1024,11,21,20,4,2,16,32
357/1024,11,21,20,4,2,16,32
359/1024,18,34,31,7,2,26,52
361/1024,14,26,25,5,2,20,40
363/1024,7,13,14,2,2,10,20
365/1024,11,21,21,4,2,16,32
367/1024,11,21,21,4,2,16,32
369/1024,11,21,21,4,2,16,32
371/1024,11,21,21,4,2,16,32
373/1024,7,13,14,2,2,10,20
375/1024,14,26,25,5,2,20,40
377/1024,17,31,28,6,2,24,48
379/1024,10,18,17,3,2,14,28
381/1024,10,18,17,3,2,14,28
383/1024,13,23,20,4,2,18,36
385/1024,12,20,19,3,2,16,32
387/1024,9,15,16,2,2,12,24
389/1024,9,15,16,2,2,12,24
391/1024,15,25,26,4,2,20,40
393/1024,12,20,23,3,2,16,32
395/1024,6,10,13,1,2,8,16
397/1024,9,15,19,2,2,12,24
399/1024,9,15,19,2,2,12,24
401/1024,9,15,19,2,2,12,24
403/1024,9,15,19,2,2,12,24
405/1024,6,10,13,1,2,8,16
407/1024,12,20,23,3,2,16,32
409/1024,15,25,28,4,2,20,40
411/1024,9,15,18,2,2,12,24
413/1024,9,15,18,2,2,12,24
415/1024,12,20,23,3,2,16,32
417/1024,9,15,20,2,2,12,24
419/1024,6,10,15,1,2,8,16
421/1024,6,10,15,1,2,8,16
423/1024,9,15,22,2,2,12,24
425/1024,6,10,17,1,2,8,16
427/1024,3,5,10,0,2,4,8
429/1024,6,10,16,1,2,8,16
431/1024,6,10,16,1,2,8,16
433/1024,9,15,20,2,2,12,24
435/1024,9,15,20,2,2,12,24
437/1024,6,10,14,1,2,8,16
439/1024,9,15,21,2,2,12,24
441/1024,9,15,21,2,2,12,24
443/1024,6,10,14,1,2,8,16
445/1024,9,15,18,2,2,12,24
447/1024,9,15,18,2,2,12,24
449/1024,11,17,19,3,2,14,28
451/1024,11,17,19,3,2,14,28
453/1024,8,12,15,2,2,10,20
455/1024,13,19,23,4,2,16,32
457/1024,13,19,23,4,2,16,32
459/1024,8,12,15,2,2,10,20
461/1024,13,19,22,4,2,16,32
463/1024,13,19,22,4,2,16,32
465/1024,10,14,18,3,2,12,24
467/1024,10,14,18,3,2,12,24
469/1024,5,7,11,1,2,6,12
471/1024,10,14,19,3,2,12,24
473/1024,13,19,24,4,2,16,32
475/1024,8,12,16,2,2,10,20
477/1024,8,12,16,2,2,10,20
479/1024,11,17,21,3,2,14,28
481/1024,11,17,21,3,2,14,28
483/1024,8,12,16,2,2,10,20
485/1024,8,12,16,2,2,10,20
487/1024,13,19,24,4,2,16,32
489/1024,10,14,19,3,2,12,24
491/1024,5,7,11,1,2,6,12
493/1024,10,14,18,3,2,12,24
495/1024,10,14,18,3,2,12,24
497/1024,12,16,19,4,2,14,28
499/1024,12,16,19,4,2,14,28
501/1024,7,9,12,2,2,8,16
503/1024,12,16,20,4,2,14,28
505/1024,12,16,20,4,2,14,28
507/1024,7,9,12,2,2,8,16
509/1024,9,11,13,3,2,10,20
511/1024,9,11,13,3,2,10,20
513/1024,13,11,14,4,2,12,24
515/1024,11,9,13,3,2,10,20
517/1024,11,9,13,3,2,10,20
519/1024,20,16,22,6,2,18,36
521/1024,18,14,21,5,2,16,32
523/1024,9,7,12,2,2,8,16
525/1024,16,12,19,4,2,14,28
527/1024,16,12,19,4,2,14,28
529/1024,16,12,19,4,2,14,28
531/1024,16,12,19,4,2,14,28
533/1024,9,7,12,2,2,8,16
535/1024,18,14,21,5,2,16,32
537/1024,25,19,27,7,2,22,44
539/1024,16,12,18,4,2,14,28
541/1024,16,12,18,4,2,14,28
543/1024,23,17,24,6,2,20,40
545/1024,21,15,23,5,2,18,36
547/1024,14,10,17,3,2,12,24
549/1024,14,10,17,3,2,12,24
551/1024,21,15,25,5,2,18,36
553/1024,14,10,19,3,2,12,24
555/1024,7,5,11,1,2,6,12
557/1024,14,10,18,3,2,12,24
559/1024,14,10,18,3,2,12,24
561/1024,19,13,22,4,2,16,32
563/1024,19,13,22,4,2,16,32
565/1024,12,8,15,2,2,10,20
567/1024,19,13,23,4,2,16,32
569/1024,19,13,23,4,2,16,32
571/1024,12,8,15,2,2,10,20
573/1024,17,11,19,3,2,14,28
575/1024,17,11,19,3,2,14,28
577/1024,17,11,19,3,2,14,28
579/1024,17,11,19,3,2,14,28
581/1024,12,8,15,2,2,10,20
583/1024,19,13,23,4,2,16,32
585/1024,19,13,23,4,2,16,32
587/1024,12,8,15,2,2,10,20
589/1024,19,13,22,4,2,16,32
591/1024,19,13,22,4,2,16,32
593/1024,14,10,18,3,2,12,24
595/1024,14,10,18,3,2,12,24
597/1024,7,5,11,1,2,6,12
599/1024,14,10,19,3,2,12,24
601/1024,21,15,25,5,2,18,36
603/1024,14,10,17,3,2,12,24
605/1024,14,10,17,3,2,12,24
607/1024,21,15,23,5,2,18,36
609/1024,26,18,26,6,2,22,44
611/1024,19,13,20,4,2,16,32
613/1024,19,13,20,4,2,16,32
615/1024,31,21,31,7,2,26,52
617/1024,24,16,25,5,2,20,40
619/1024,12,8,14,2,2,10,20
621/1024,19,13,21,4,2,16,32
623/1024,19,13,21,4,2,16,32
625/1024,19,13,21,4,2,16,32
627/1024,19,13,21,4,2,16,32
629/1024,12,8,14,2,2,10,20
631/1024,24,16,25,5,2,20,40
633/1024,29,19,28,6,2,24,48
635/1024,17,11,17,3,2,14,28
637/1024,17,11,17,3,2,14,28
639/1024,22,14,20,4,2,18,36
641/1024,20,12,19,3,2,16,32
643/1024,15,9,16,2,2,12,24
645/1024,15,9,16,2,2,12,24
647/1024,25,15,26,4,2,20,40
649/1024,20,12,23,3,2,16,32
651/1024,10,6,13,1,2,8,16
653/1024,15,9,19,2,2,12,24
655/1024,15,9,19,2,2,12,24
657/1024,15,9,19,2,2,12,24
659/1024,15,9,19,2,2,12,24
661/1024,10,6,13,1,2,8,16
663/1024,20,12,23,3,2,16,32
665/1024,25,15,28,4,2,20,40
667/1024,15,9,18,2,2,12,24
669/1024,15,9,18,2,2,12,24
671/1024,20,12,23,3,2,16,32
673/1024,15,9,20,2,2,12,24
675/1024,10,6,15,1,2,8,16
677/1024,10,6,15,1,2,8,16
679/1024,15,9,22,2,2,12,24
681/1024,10,6,17,1,2,8,16
683/1024,5,3,10,0,2,4,8
685/1024,10,6,16,1,2,8,16
687/1024,10,6,16,1,2,8,16
689/1024,15,9,20,2,2,12,24
691/1024,15,9,20,2,2,12,24
693/1024,10,6,14,1,2,8,16
695/1024,15,9,21,2,2,12,24
697/1024,15,9,21,2,2,12,24
699/1024,10,6,14,1,2,8,16
701/1024,15,9,18,2,2,12,24
703/1024,15,9,18,2,2,12,24
705/1024,18,10,19,3,2,14,28
707/1024,18,10,19,3,2,14,28
709/1024,13,7,15,2,2,10,20
711/1024,21,11,23,4,2,16,32
713/1024,21,11,23,4,2,16,32
715/1024,13,7,15,2,2,10,20
717/1024,21,11,22,4,2,16,32
719/1024,21,11,22,4,2,16,32
721/1024,16,8,18,3,2,12,24
723/1024,16,8,18,3,2,12,24
725/1024,8,4,11,1,2,6,12
727/1024,16,8,19,3,2,12,24
729/1024,21,11,24,4,2,16,32
731/1024,13,7,16,2,2,10,20
733/1024,13,7,16,2,2,10,20
735/1024,18,10,21,3,2,14,28
737/1024,18,10,21,3,2,14,28
739/1024,13,7,16,2,2,10,20
741/1024,13,7,16,2,2,10,20
743/1024,21,11,24,4,2,16,32
745/1024,16,8,19,3,2,12,24
747/1024,8,4,11,1,2,6,12
749/1024,16,8,18,3,2,12,24
751/1024,16,8,18,3,2,12,24
753/1024,19,9,19,4,2,14,28
755/1024,19,9,19,4,2,14,28
757/1024,11,5,12,2,2,8,16
759/1024,19,9,20,4,2,14,28
761/1024,19,9,20,4,2,14,28
763/1024,11,5,12,2,2,8,16
765/1024,14,6,13,3,2,10,20
767/1024,14,6,13,3,2,10,20
769/1024,19,5,13,4,2,12,24
771/1024,16,4,12,3,2,10,20
773/1024,16,4,12,3,2,10,20
775/1024,29,7,20,6,2,18,36
777/1024,26,6,19,5,2,16,32
779/1024,13,3,11,2,2,8,16
781/1024,23,5,17,4,2,14,28
783/1024,23,5,17,4,2,14,28
785/1024,23,5,17,4,2,14,28
787/1024,23,5,17,4,2,14,28
789/1024,13,3,11,2,2,8,16
791/1024,26,6,19,5,2,16,32
793/1024,36,8,24,7,2,22,44
795/1024,23,5,16,4,2,14,28
797/1024,23,5,16,4,2,14,28
799/1024,33,7,21,6,2,20,40
801/1024,30,6,20,5,2,18,36
803/1024,20,4,15,3,2,12,24
805/1024,20,4,15,3,2,12,24
807/1024,30,6,22,5,2,18,36
809/1024,20,4,17,3,2,12,24
811/1024,10,2,10,1,2,6,12
813/1024,20,4,16,3,2,12,24
815/1024,20,4,16,3,2,12,24
817/1024,27,5,19,4,2,16,32
819/1024,27,5,19,4,2,16,32
821/1024,17,3,13,2,2,10,20
823/1024,27,5,20,4,2,16,32
825/1024,27,5,20,4,2,16,32
827/1024,17,3,13,2,2,10,20
829/1024,24,4,16,3,2,14,28
831/1024,24,4,16,3,2,14,28
833/1024,24,4,16,3,2,14,28
835/1024,24,4,16,3,2,14,28
837/1024,17,3,13,2,2,10,20
839/1024,27,5,20,4,2,16,32
841/1024,27,5,20,4,2,16,32
843/1024,17,3,13,2,2,10,20
845/1024,27,5,19,4,2,16,32
847/1024,27,5,19,4,2,16,32
849/1024,20,4,16,3,2,12,24
851/1024,20,4,16,3,2,12,24
853/1024,10,2,10,1,2,6,12
855/1024,20,4,17,3,2,12,24
857/1024,30,6,22,5,2,18,36
859/1024,20,4,15,3,2,12,24
861/1024,20,4,15,3,2,12,24
863/1024,30,6,20,5,2,18,36
865/1024,37,7,22,6,2,22,44
867/1024,27,5,17,4,2,16,32
869/1024,27,5,17,4,2,16,32
871/1024,44,8,26,7,2,26,52
873/1024,34,6,21,5,2,20,40
875/1024,17,3,12,2,2,10,20
877/1024,27,5,18,4,2,16,32
879/1024,27,5,18,4,2,16,32
881/1024,27,5,18,4,2,16,32
883/1024,27,5,18,4,2,16,32
885/1024,17,3,12,2,2,10,20
887/1024,34,6,21,5,2,20,40
889/1024,41,7,23,6,2,24,48
891/1024,24,4,14,3,2,14,28
893/1024,24,4,14,3,2,14,28
895/1024,31,5,16,4,2,18,36
897/1024,28,4,15,3,2,16,32
899/1024,21,3,13,2,2,12,24
901/1024,21,3,13,2,2,12,24
903/1024,35,5,21,4,2,20,40
905/1024,28,4,19,3,2,16,32
907/1024,14,2,11,1,2,8,16
909/1024,21,3,16,2,2,12,24
911/1024,21,3,16,2,2,12,24
913/1024,21,3,16,2,2,12,24
915/1024,21,3,16,2,2,12,24
917/1024,14,2,11,1,2,8,16
919/1024,28,4,19,3,2,16,32
921/1024,35,5,23,4,2,20,40
923/1024,21,3,15,2,2,12,24
925/1024,21,3,15,2,2,12,24
927/1024,28,4,19,3,2,16,32
929/1024,21,3,17,2,2,12,24
931/1024,14,2,13,1,2,8,16
933/1024,14,2,13,1,2,8,16
935/1024,21,3,19,2,2,12,24
937/1024,14,2,15,1,2,8,16
939/1024,7,1,9,0,2,4,8
941/1024,14,2,14,1,2,8,16
943/1024,14,2,14,1,2,8,16
945/1024,21,3,17,2,2,12,24
947/1024,21,3,17,2,2,12,24
949/1024,14,2,12,1,2,8,16
951/1024,21,3,18,2,2,12,24
953/1024,21,3,18,2,2,12,24
955/1024,14,2,12,1,2,8,16
957/1024,21,3,15,2,2,12,24
959/1024,21,3,15,2,2,12,24
961/1024,25,3,15,3,2,14,28
963/1024,25,3,15,3,2,14,28
965/1024,18,2,12,2,2,10,20
967/1024,29,3,18,4,2,16,32
969/1024,29,3,18,4,2,16,32
971/1024,18,2,12,2,2,10,20
973/1024,29,3,17,4,2,16,32
975/1024,29,3,17,4,2,16,32
977/1024,22,2,14,3,2,12,24
979/1024,22,2,14,3,2,12,24
981/1024,11,1,9,1,2,6,12
983/1024,22,2,15,3,2,12,24
985/1024,29,3,19,4,2,16,32
987/1024,18,2,13,2,2,10,20
989/1024,18,2,13,2,2,10,20
991/1024,25,3,17,3,2,14,28
993/1024,25,3,17,3,2,14,28
995/1024,18,2,13,2,2,10,20
997/1024,18,2,13,2,2,10,20
999/1024,29,3,19,4,2,16,32
1001/1024,22,2,15,3,2,12,24
1003/1024,11,1,9,1,2,6,12
1005/1024,22,2,14,3,2,12,24
1007/1024,22,2,14,3,2,12,24
1009/1024,26,2,14,4,2,14,28
1011/1024,26,2,14,4,2,14,28
1013/1024,15,1,9,2,2,8,16
1015/1024,26,2,15,4,2,14,28
1017/1024,26,2,15,4,2,14,28
1019/1024,15,1,9,2,2,8,16
1021/1024,19,1,9,3,2,10,20
1023/1024,19,1,9,3,2,10,20
